{
  "Delete User" : {
    "transaction" : "Delete User",
    "sampleCount" : 30,
    "errorCount" : 0,
    "errorPct" : 0.0,
    "meanResTime" : 139.29999999999998,
    "medianResTime" : 134.5,
    "minResTime" : 120.0,
    "maxResTime" : 236.0,
    "pct1ResTime" : 148.0,
    "pct2ResTime" : 204.09999999999997,
    "pct3ResTime" : 236.0,
    "throughput" : 0.5144385760340215,
    "receivedKBytesPerSec" : 0.15603966964469443,
    "sentKBytesPerSec" : 0.07897435952397283
  },
  "Total" : {
    "transaction" : "Total",
    "sampleCount" : 90,
    "errorCount" : 0,
    "errorPct" : 0.0,
    "meanResTime" : 291.82222222222225,
    "medianResTime" : 142.5,
    "minResTime" : 113.0,
    "maxResTime" : 787.0,
    "pct1ResTime" : 588.6,
    "pct2ResTime" : 684.9000000000001,
    "pct3ResTime" : 787.0,
    "throughput" : 1.522533495736906,
    "receivedKBytesPerSec" : 0.6964401263702801,
    "sentKBytesPerSec" : 0.23264232516240357
  },
  "Get User by ID" : {
    "transaction" : "Get User by ID",
    "sampleCount" : 30,
    "errorCount" : 0,
    "errorPct" : 0.0,
    "meanResTime" : 145.46666666666664,
    "medianResTime" : 139.0,
    "minResTime" : 113.0,
    "maxResTime" : 270.0,
    "pct1ResTime" : 163.50000000000003,
    "pct2ResTime" : 254.04999999999998,
    "pct3ResTime" : 270.0,
    "throughput" : 0.5143151037202125,
    "receivedKBytesPerSec" : 0.1560022179838848,
    "sentKBytesPerSec" : 0.07895540459454826
  },
  "Get Users" : {
    "transaction" : "Get Users",
    "sampleCount" : 30,
    "errorCount" : 0,
    "errorPct" : 0.0,
    "meanResTime" : 590.7,
    "medianResTime" : 565.0,
    "minResTime" : 531.0,
    "maxResTime" : 787.0,
    "pct1ResTime" : 724.2,
    "pct2ResTime" : 757.8499999999999,
    "pct3ResTime" : 787.0,
    "throughput" : 0.5107947967036709,
    "receivedKBytesPerSec" : 0.39107726622624805,
    "sentKBytesPerSec" : 0.07731757176666894
  }
}