{
  "Delete Users" : {
    "transaction" : "Delete Users",
    "sampleCount" : 30,
    "errorCount" : 0,
    "errorPct" : 0.0,
    "meanResTime" : 148.13333333333333,
    "medianResTime" : 137.0,
    "minResTime" : 120.0,
    "maxResTime" : 259.0,
    "pct1ResTime" : 229.10000000000005,
    "pct2ResTime" : 243.59999999999997,
    "pct3ResTime" : 259.0,
    "throughput" : 0.5179826303157968,
    "receivedKBytesPerSec" : 0.15711465329695945,
    "sentKBytesPerSec" : 0.07951842723207349
  },
  "Total" : {
    "transaction" : "Total",
    "sampleCount" : 90,
    "errorCount" : 0,
    "errorPct" : 0.0,
    "meanResTime" : 713.9444444444443,
    "medianResTime" : 144.0,
    "minResTime" : 120.0,
    "maxResTime" : 10152.0,
    "pct1ResTime" : 817.3000000000001,
    "pct2ResTime" : 4280.300000000002,
    "pct3ResTime" : 10152.0,
    "throughput" : 1.5296237125667087,
    "receivedKBytesPerSec" : 0.6996833466467249,
    "sentKBytesPerSec" : 0.23372570660117611
  },
  "Get User by ID" : {
    "transaction" : "Get User by ID",
    "sampleCount" : 30,
    "errorCount" : 0,
    "errorPct" : 0.0,
    "meanResTime" : 237.0333333333333,
    "medianResTime" : 139.0,
    "minResTime" : 120.0,
    "maxResTime" : 2951.0,
    "pct1ResTime" : 211.50000000000014,
    "pct2ResTime" : 1464.349999999998,
    "pct3ResTime" : 2951.0,
    "throughput" : 0.5186721991701245,
    "receivedKBytesPerSec" : 0.1573238135373444,
    "sentKBytesPerSec" : 0.07962428682572614
  },
  "Get Users" : {
    "transaction" : "Get Users",
    "sampleCount" : 30,
    "errorCount" : 0,
    "errorPct" : 0.0,
    "meanResTime" : 1756.6666666666667,
    "medianResTime" : 620.0,
    "minResTime" : 541.0,
    "maxResTime" : 10152.0,
    "pct1ResTime" : 6633.600000000005,
    "pct2ResTime" : 8449.199999999997,
    "pct3ResTime" : 10152.0,
    "throughput" : 0.5122688386865427,
    "receivedKBytesPerSec" : 0.3922058296193842,
    "sentKBytesPerSec" : 0.07754069335587316
  }
}